Workbook

Sheet Comparison
A1: # | B1: Original ID | C1: Review (shortened) | D1: VADER score | E1: VADER label | F1: My grade | G1: Result | H1: Why they differ / notes
A2: 1 | B2: 1 | C2: It looks soft and comfortable to use. Appearance is quite good, nice to look and stylish | E2: Good | F2: Good | G2: =IF(E2=F2,"Match","Mismatch") -> Match
A3: 2 | B3: 2201 | C3: super comfortable good 38 to 40 size | E3: Good | F3: Good | G3: =IF(E3=F3,"Match","Mismatch") -> Match
A4: 3 | B4: 2202 | C4: Maganda, makapal, at pwede ipang araw araw na isuot. Will order again. Thank you seller | E4: Good | F4: Good | G4: =IF(E4=F4,"Match","Mismatch") -> Match
A5: 4 | B5: 2203 | C5: Thanks sa mabait na rider and seller | E5: Good | F5: Good | G5: =IF(E5=F5,"Match","Mismatch") -> Match
A6: 5 | B6: 2204 | C6: Ganda ng quality po | D6: 0.5423 | E6: Good | F6: Good | G6: =IF(E6=F6,"Match","Mismatch") -> Match
A7: 6 | B7: 2205 | C7: good god Good | D7: 0.7783 | E7: Good | F7: Good | G7: =IF(E7=F7,"Match","Mismatch") -> Match
A8: 7 | B8: 2206 | C8: Wrong item naman nakakadisapoint... naging pangtrabaho na ng asawa ko ang haba | D8: -0.5423 | E8: Bad | F8: Bad | G8: =IF(E8=F8,"Match","Mismatch") -> Match
A9: 8 | B9: 2207 | C9: Nipis naman ng item | D9: -0.3612 | E9: Bad | F9: Bad | G9: =IF(E9=F9,"Match","Mismatch") -> Match
A10: 9 | B10: 2208 | C10: iba pinadala, hindi naman knee socks | D10: 0 | E10: Neutral | F10: Bad | G10: =IF(E10=F10,"Match","Mismatch") -> Mismatch | H10: Wrong item sent; VADER has no lexicon hit for 'iba pinadala' / 'hindi naman' so scored 0
A11: 10 | B11: 2209 | C11: Hindi un inorder ko malalaki ung dumating | D11: 0 | E11: Neutral | F11: Bad | G11: =IF(E11=F11,"Match","Mismatch") -> Mismatch | H11: Wrong item received; negative complaint with no sentiment words
A12: 11 | B12: 2210 | C12: Thank.you seller | D12: 0.25 | E12: Good | F12: Good | G12: =IF(E12=F12,"Match","Mismatch") -> Match | H12: Mild thanks only
A13: 12 | B13: 2211 | C13: compostable to wear, cotton soft and breathable... rider is very kind. will order again. | D13: 0.9022 | E13: Good | F13: Good | G13: =IF(E13=F13,"Match","Mismatch") -> Match
A14: 13 | B14: 2212 | C14: Thank you! Buti na lang nabibili na lahat sa shopee... Okay naman ang products! | D14: 0.555 | E14: Good | F14: Good | G14: =IF(E14=F14,"Match","Mismatch") -> Match
A15: 14 | B15: 2213 | C15: Received na po. Good quality, complete, correct. Always satisfied. Thank you po | D15: 0.8176 | E15: Good | F15: Good | G15: =IF(E15=F15,"Match","Mismatch") -> Match
A16: 15 | B16: 2214 | C16: Maganda ang quality ng items. Medyo hindi nagustuhan ang packaging, madumi ang plastic... | D16: 0.2018 | E16: Good | F16: Good | G16: =IF(E16=F16,"Match","Mismatch") -> Match | H16: Mixed but mostly positive; packaging only a minor complaint
A17: 16 | B17: 2215 | C17: Good products. I was satisfied! It's great and ayos lahat ng items. Thank you seller | D17: 0.9918 | E17: Good | F17: Good | G17: =IF(E17=F17,"Match","Mismatch") -> Match
A18: 17 | B18: 2216 | C18: Still smooth transaction, 2nd order, kompleto... will order again. | D18: 0.8316 | E18: Good | F18: Good | G18: =IF(E18=F18,"Match","Mismatch") -> Match
A19: 18 | B19: 2217 | C19: Wala po akong masabi ang gaganda po ng shorts... Thank you po sa freebie | D19: 0.9709 | E19: Good | F19: Good | G19: =IF(E19=F19,"Match","Mismatch") -> Match
A20: 19 | B20: 2218 | C20: still satisfied from this shop, complete order and color... satisfied ako lage | D20: 0.9788 | E20: Good | F20: Good | G20: =IF(E20=F20,"Match","Mismatch") -> Match
A21: 20 | B21: 2219 | C21: Ang ganda ng quality ang bait din ni seller thank you po tama lahat ng dumating | D21: 0.9042 | E21: Good | F21: Good | G21: =IF(E21=F21,"Match","Mismatch") -> Match
A22: 21 | B22: 2220 | C22: Complete orders with correct variations. Ganda talaga ng mga shorts nyu... Sobrang nagustuhan ko | D22: 0.9856 | E22: Good | F22: Good | G22: =IF(E22=F22,"Match","Mismatch") -> Match
A23: 22 | B23: 2221 | C23: Maganda yung tela and mabilis delivery. | D23: 0.743 | E23: Good | F23: Good | G23: =IF(E23=F23,"Match","Mismatch") -> Match
A24: 23 | B24: 2222 | C24: Thank u so much po! Maayos po at makapal ung tela | D24: 0.6476 | E24: Good | F24: Good | G24: =IF(E24=F24,"Match","Mismatch") -> Match
A25: 24 | B25: 2223 | C25: Thank u. Sakto lahat ng dumating at maganda po | D25: 0.743 | E25: Good | F25: Good | G25: =IF(E25=F25,"Match","Mismatch") -> Match
A26: 25 | B26: 2224 | C26: Maganda. Nagustuhan ng anak q kya order aq ulit... Thanks seller, shopee at J&T | D26: 0.8674 | E26: Good | F26: Good | G26: =IF(E26=F26,"Match","Mismatch") -> Match
A27: 26 | B27: 2225 | C27: Legiiiit Ang ganda ng mga items. Recommended shop | D27: 0.9477 | E27: Good | F27: Good | G27: =IF(E27=F27,"Match","Mismatch") -> Match
A28: 27 | B28: 2226 | C28: hagagvabajjajansjsjsj... very very very nice jjajsnsjs | D28: 0.6206 | E28: Good | F28: Good | G28: =IF(E28=F28,"Match","Mismatch") -> Match | H28: Mostly keyboard-mash; only real content is 'very very very nice'
A29: 28 | B29: 2227 | C29: Maganda maganda, lagi akong oorder sa shop na to... Salamat salamat | D29: 0.925 | E29: Good | F29: Good | G29: =IF(E29=F29,"Match","Mismatch") -> Match
A30: 29 | B30: 2228 | C30: Mabilis nadeliver, maayos ang packaging. Sa susunod ulit na order, ibang kulay naman. Salamat | D30: 0.8934 | E30: Good | F30: Good | G30: =IF(E30=F30,"Match","Mismatch") -> Match
A31: 30 | B31: 2229 | C31: Maganda po ang items, maayos ang pagkakapack... mali ang isang short pero mabebenta ko naman | D31: 0.7351 | E31: Good | F31: Good | G31: =IF(E31=F31,"Match","Mismatch") -> Match | H31: One wrong item, but overall positive
A32: 31 | B32: 2230 | C32: 17 days bago dumating. .parang overseas. | D32: 0 | E32: Neutral | F32: Bad | G32: =IF(E32=F32,"Match","Mismatch") -> Mismatch | H32: Complaint about slow delivery (sarcastic comparison); no sentiment words for VADER
A33: 32 | B33: 2231 | C33: Cloth is thin Material Not bad | D33: 0.431 | E33: Good | F33: Neutral | G33: =IF(E33=F33,"Match","Mismatch") -> Mismatch | H33: 'Not bad' is a negation; VADER read 'bad' as +1.9. Lukewarm, so Neutral
A34: 33 | B34: 2232 | C34: mukhang hindi gawa ng hanford | D34: 0 | E34: Neutral | F34: Bad | G34: =IF(E34=F34,"Match","Mismatch") -> Mismatch | H34: Says item looks fake / not from the brand; implied negative
A35: 34 | B35: 2233 | C35: Low quality | D35: -0.5423 | E35: Bad | F35: Bad | G35: =IF(E35=F35,"Match","Mismatch") -> Match
A36: 35 | B36: 2234 | C36: Wrong size | D36: -0.4588 | E36: Bad | F36: Bad | G36: =IF(E36=F36,"Match","Mismatch") -> Match
A37: 36 | B37: 2235 | C37: The seller send me the Wrong size. Instead of Small, they send Large. | D37: -0.4588 | E37: Bad | F37: Bad | G37: =IF(E37=F37,"Match","Mismatch") -> Match
A38: 37 | B38: 2236 | C38: the product works... charging problem, cleaned it and it worked... I like the lights. Product good for its price | D38: 0.3071 | E38: Good | F38: Good | G38: =IF(E38=F38,"Match","Mismatch") -> Match | H38: Mixed story, but ends positive
A39: 38 | B39: 2237 | C39: wrong item received. Ordered M10 I received F9. Poor quality... hassle to request a refund | D39: -0.9153 | E39: Bad | F39: Bad | G39: =IF(E39=F39,"Match","Mismatch") -> Match
A40: 39 | B40: 2238 | C40: hindi nagana Product hindi nagana bad | D40: 0.431 | E40: Good | F40: Bad | G40: =IF(E40=F40,"Match","Mismatch") -> Mismatch | H40: Says it doesn't work; VADER's 'bad' +1.9 is a lexicon error and outweighed the negation
A41: 40 | B41: 2239 | C41: Tapus ung left hnd gumagana walang sounds pero ung right meron seller pano to | D41: -0.5423 | E41: Bad | F41: Bad | G41: =IF(E41=F41,"Match","Mismatch") -> Match
A42: 41 | B42: 2240 | C42: mahina ang sounds and bass ang dali dali ma lowbatt and di na gumana yung nasa left good | D42: -0.7351 | E42: Bad | F42: Bad | G42: =IF(E42=F42,"Match","Mismatch") -> Match
A43: 42 | B43: 2241 | C43: Product sira dumating di gumagana sayang pera 0/10 | D43: -0.93 | E43: Bad | F43: Bad | G43: =IF(E43=F43,"Match","Mismatch") -> Match
A44: 43 | B44: 2242 | C44: Product not good bad item disappointed... Sira ang isang airpad... wag kayo bibili dito | D44: -0.9693 | E44: Bad | F44: Bad | G44: =IF(E44=F44,"Match","Mismatch") -> Match
A45: 44 | B45: 2243 | C45: Kanina pa na charge pero 00 parin. May sira nmn pinadala nio. | D45: -0.6956 | E45: Bad | F45: Bad | G45: =IF(E45=F45,"Match","Mismatch") -> Match
A46: 45 | B46: 2244 | C46: HINDI PO GUMAGANA YUNG RIGHT EARPODS KAHIT NAKA KULAY BLUE NA SYA AYAW PARIN MAG BUKAS | D46: -0.2755 | E46: Bad | F46: Bad | G46: =IF(E46=F46,"Match","Mismatch") -> Match
A47: 46 | B47: 2245 | C47: SIRA YUNG LEFT AYAW MAG OPEN GOOD PERO ISA LANG GUMAGANA 50/100... SAYANG YUNG BAYAD KO | D47: -0.9453 | E47: Bad | F47: Bad | G47: =IF(E47=F47,"Match","Mismatch") -> Match
A48: 47 | B48: 2246 | C48: Not working... 3 weeks hinintay ko tapos pagdating d gumagana... Not recommended. defective items | D48: -0.968 | E48: Bad | F48: Bad | G48: =IF(E48=F48,"Match","Mismatch") -> Match
A49: 48 | B49: 2247 | C49: Not Good Product Not Good Bad | D49: -0.8423 | E49: Bad | F49: Bad | G49: =IF(E49=F49,"Match","Mismatch") -> Match
A50: 49 | B50: 2248 | C50: Grabe NMAN seller NITO pinadala sa akin sira ung items. Ayaw gumana | D50: -0.7579 | E50: Bad | F50: Bad | G50: =IF(E50=F50,"Match","Mismatch") -> Match
A51: 50 | B51: 2249 | C51: sira ang earpiece ayaw palitan... customer service bulok.. goodluck ! | D51: -0.8313 | E51: Bad | F51: Bad | G51: =IF(E51=F51,"Match","Mismatch") -> Match
A52: 51 | B52: 2250 | C52: i noticed some issued with one side not producing sound | D52: 0 | E52: Neutral | F52: Bad | G52: =IF(E52=F52,"Match","Mismatch") -> Mismatch | H52: Defect report; polite wording, no lexicon hit
A53: 52 | B53: 2251 | C53: Not. Good ng di ng charge. Mghapon ko na gi charge wla parn | D53: 0.34 | E53: Good | F53: Bad | G53: =IF(E53=F53,"Match","Mismatch") -> Mismatch | H53: Not charging all day; VADER matched 'Good' and ignored the 'Not.' before it
A54: 53 | B54: 2252 | C54: Parehong left side Yung pinadala Hindi right and left | D54: 0 | E54: Neutral | F54: Bad | G54: =IF(E54=F54,"Match","Mismatch") -> Mismatch | H54: Wrong item/defect: both buds are left side
A55: 54 | B55: 2253 | C55: bilis malowbat | D55: -0.5423 | E55: Bad | F55: Bad | G55: =IF(E55=F55,"Match","Mismatch") -> Match
A56: 55 | B56: 2254 | C56: I have problem to one earpods on the right side, didn't have sound. | D56: 0 | E56: Neutral | F56: Bad | G56: =IF(E56=F56,"Match","Mismatch") -> Mismatch | H56: Defect report with no sentiment words
A57: 56 | B57: 2255 | C57: minsan gumagana ang isa..minsan hindi nothing best Product poor | D57: -0.5951 | E57: Bad | F57: Bad | G57: =IF(E57=F57,"Match","Mismatch") -> Match
A58: 57 | B58: 2256 | C58: SIRAAA TANGINAA SIRAA POTANG INA MI SIRAAAA WAG KAYO BIBILI DITO ANLAYO NG INORDER KO SA DUMATING | D58: -0.7906 | E58: Bad | F58: Bad | G58: =IF(E58=F58,"Match","Mismatch") -> Match | H58: Profanity; VADER only caught the stretched 'SIRAAA' forms
A59: 58 | B59: 2257 | C59: sira Ang deniliver Di gumagana 0% Ang charging... sayang pera nyo | D59: -0.9231 | E59: Bad | F59: Bad | G59: =IF(E59=F59,"Match","Mismatch") -> Match
A60: 59 | B60: 2258 | C60: Sira naman yung right earphone ...sana bago ninyo i ship chini chek ninyo kung working or not | D60: 0.1027 | E60: Good | F60: Bad | G60: =IF(E60=F60,"Match","Mismatch") -> Mismatch | H60: Broken item; 'working' (+1.6) cancelled out 'Sira'
A61: 60 | B61: 2259 | C61: sira ang item na na received ko sad performance Product bad quality... isa lang yung gumagana | D61: -0.9451 | E61: Bad | F61: Bad | G61: =IF(E61=F61,"Match","Mismatch") -> Match
A62: 61 | B62: 2260 | C62: 5 mins lang lowbat na | D62: -0.4215 | E62: Bad | F62: Bad | G62: =IF(E62=F62,"Match","Mismatch") -> Match
A63: 62 | B63: 2261 | C63: bulok | D63: -0.6124 | E63: Bad | F63: Bad | G63: =IF(E63=F63,"Match","Mismatch") -> Match
A64: 63 | B64: 2262 | C64: hindi po gumagana | D64: -0.2755 | E64: Bad | F64: Bad | G64: =IF(E64=F64,"Match","Mismatch") -> Match
A65: 64 | B65: 2263 | C65: Defective ports, wont charge the headset | D65: -0.5859 | E65: Bad | F65: Bad | G65: =IF(E65=F65,"Match","Mismatch") -> Match
A66: 65 | B66: 2264 | C66: After 4 days sira na sya agad kakainis | D66: -0.7783 | E66: Bad | F66: Bad | G66: =IF(E66=F66,"Match","Mismatch") -> Match
A67: 66 | B67: 2265 | C67: Di nagana haha | D67: -0.5106 | E67: Bad | F67: Bad | G67: =IF(E67=F67,"Match","Mismatch") -> Match
A68: 67 | B68: 2266 | C68: Sira kaagad yung isa | D68: -0.5423 | E68: Bad | F68: Bad | G68: =IF(E68=F68,"Match","Mismatch") -> Match
A69: 68 | B69: 2267 | C69: ang bilis malowbat | D69: -0.5423 | E69: Bad | F69: Bad | G69: =IF(E69=F69,"Match","Mismatch") -> Match
A70: 69 | B70: 2268 | C70: Badly di gumagana yung kabila wla sound | D70: -0.6705 | E70: Bad | F70: Bad | G70: =IF(E70=F70,"Match","Mismatch") -> Match
A71: 70 | B71: 2269 | C71: right earbuds is not charging properly | D71: -0.5423 | E71: Bad | F71: Bad | G71: =IF(E71=F71,"Match","Mismatch") -> Match
A72: 71 | B72: 2270 | C72: The left bud doesn't work and has no sound | D72: -0.7906 | E72: Bad | F72: Bad | G72: =IF(E72=F72,"Match","Mismatch") -> Match
A73: 72 | B73: 2271 | C73: Maganda Naman pero walang Kasama Yung ear piece nya | D73: 0.5423 | E73: Good | F73: Neutral | G73: =IF(E73=F73,"Match","Mismatch") -> Mismatch | H73: Positive on looks, but missing accessory ('pero walang kasama'); VADER ignored the 'pero' clause
A74: 73 | B74: 2272 | C74: The sound is louder on the right and weaker on the left. Not easy to charge, doesn't work with any type C charger | D74: -0.5574 | E74: Bad | F74: Bad | G74: =IF(E74=F74,"Match","Mismatch") -> Match
A75: 74 | B75: 2273 | C75: Ok Sana Kaya Lang madaling matanggal sa tainga. Malamang madaling masisira | D75: -0.4588 | E75: Bad | F75: Bad | G75: =IF(E75=F75,"Match","Mismatch") -> Match | H75: 'Ok sana kaya lang' = 'would be ok but'; leans negative
A76: 75 | B76: 2274 | C76: Thank you, hindi lang nagana yung left na earphone. | D76: 0.25 | E76: Good | F76: Bad | G76: =IF(E76=F76,"Match","Mismatch") -> Mismatch | H76: Polite 'thank you' but reports a dead earbud
A77: 76 | B77: 2275 | C77: Er, the left earpod isn't working... Already fully charged, by the way. | D77: -0.5106 | E77: Bad | F77: Bad | G77: =IF(E77=F77,"Match","Mismatch") -> Match
A78: 77 | B78: 2276 | C78: ok nmn bilis lang malowvat | D78: 0.5859 | E78: Good | F78: Neutral | G78: =IF(E78=F78,"Match","Mismatch") -> Mismatch | H78: 'ok' but drains fast; VADER scored 'bilis' (+1.8) as positive
A79: 78 | B79: 2277 | C79: ok sound quality, noise cancelling not that good... NOT RECOMMENDED if you can afford better | D79: -0.5624 | E79: Bad | F79: Bad | G79: =IF(E79=F79,"Match","Mismatch") -> Match | H79: Borderline Neutral, but explicitly 'not recommended'
A80: 79 | B80: 2278 | C80: Hassle iconnect. Right earpiece not working. Pakahassle. | D80: -0.743 | E80: Bad | F80: Bad | G80: =IF(E80=F80,"Match","Mismatch") -> Match
A81: 80 | B81: 2279 | C81: Lobat ung dumating ska mabilis lng malobat din | D81: -0.6486 | E81: Bad | F81: Bad | G81: =IF(E81=F81,"Match","Mismatch") -> Match
A82: 81 | B82: 2280 | C82: Good for a cheap price. | D82: 0.5267 | E82: Good | F82: Good | G82: =IF(E82=F82,"Match","Mismatch") -> Match
A83: 82 | B83: 2281 | C83: Okay naman,madali nga lang malubat! | D83: 0.6239 | E83: Good | F83: Neutral | G83: =IF(E83=F83,"Match","Mismatch") -> Mismatch | H83: 'Okay' but drains fast; same 'madali' / 'bilis' polarity issue
A84: 83 | B84: 2282 | C84: Hindi gumagana yong isa Earbuds | D84: -0.5423 | E84: Bad | F84: Bad | G84: =IF(E84=F84,"Match","Mismatch") -> Match
A85: 84 | B85: 2283 | C85: Di nagana ung left side.. | D85: -0.5106 | E85: Bad | F85: Bad | G85: =IF(E85=F85,"Match","Mismatch") -> Match
A86: 85 | B86: 2284 | C86: Terrible connectivity. nag di-disconnect kahit nasa bahay lang... very disappointed | D86: -0.8398 | E86: Bad | F86: Bad | G86: =IF(E86=F86,"Match","Mismatch") -> Match
A87: 86 | B87: 2285 | C87: Product hindi gumagana ang kbila | D87: -0.5423 | E87: Bad | F87: Bad | G87: =IF(E87=F87,"Match","Mismatch") -> Match
A88: 87 | B88: 2286 | C88: Disappointed fake battery nya | D88: -0.8271 | E88: Bad | F88: Bad | G88: =IF(E88=F88,"Match","Mismatch") -> Match
A89: 88 | B89: 2287 | C89: Deffective item ,,the buds was not charging | D89: -0.802 | E89: Bad | F89: Bad | G89: =IF(E89=F89,"Match","Mismatch") -> Match
A90: 89 | B90: 2288 | C90: 3star lang kasi Sira yong isa | D90: -0.5423 | E90: Bad | F90: Bad | G90: =IF(E90=F90,"Match","Mismatch") -> Match
A91: 90 | B91: 2289 | C91: Biglang nagdidiscomnect yung left side | D91: 0 | E91: Neutral | F91: Bad | G91: =IF(E91=F91,"Match","Mismatch") -> Mismatch | H91: Connection defect; misspelled 'nagdidiscomnect' isn't in the lexicon
A92: 91 | B92: 2290 | C92: Wow ang bilis dumating 3 weeks lang naman. Salamat ha | D92: -0.802 | E92: Bad | F92: Bad | G92: =IF(E92=F92,"Match","Mismatch") -> Match | H92: Sarcasm; correct only because of the sarcasm flag
A93: 92 | B93: 2291 | C93: Ang ganda talaga nasira after 1 day. Super quality! | D93: -0.1511 | E93: Bad | F93: Bad | G93: =IF(E93=F93,"Match","Mismatch") -> Match | H93: Sarcasm; barely negative (-0.15)
A94: 93 | B94: 2292 | C94: ang ganda daw lol | D94: -0.5423 | E94: Bad | F94: Bad | G94: =IF(E94=F94,"Match","Mismatch") -> Match | H94: Sarcasm (daw + lol)
A95: 94 | B95: 2293 | C95: ang bilis daw mag charge lol | D95: -0.5 | E95: Bad | F95: Bad | G95: =IF(E95=F95,"Match","Mismatch") -> Match | H95: Sarcasm (daw + lol)
A96: 95 | B96: 2294 | C96: sana all nalang tamang item yung dumating lol | D96: 0 | E96: Neutral | F96: Bad | G96: =IF(E96=F96,"Match","Mismatch") -> Mismatch | H96: Sarcastic complaint about wrong item
A97: 96 | B97: 2295 | C97: Wow ha ang tibay at ang ganda ng tunog. Sana all may ganito | D97: -0.8658 | E97: Bad | F97: Bad | G97: =IF(E97=F97,"Match","Mismatch") -> Match | H97: Sarcasm; correct only because of the sarcasm flag
A98: 97 | B98: 2296 | C98: very secure in my ears... sobrang ganda talaga ng product... high quality, legit... perfect na perfect | D98: 0.9832 | E98: Good | F98: Good | G98: =IF(E98=F98,"Match","Mismatch") -> Match
A99: 98 | B99: 2297 | C99: maganda good Hindi masag yung tunog at malakas, sana matagal mag lowbat Thank you seller | D99: -0.1531 | E99: Bad | F99: Good | G99: =IF(E99=F99,"Match","Mismatch") -> Mismatch | H99: Praise for sound and seller; 'sana matagal mag lowbat' is a small wish, but 'matagal' and 'lowbat' were both scored negative
A100: 99 | B100: 2298 | C100: for listening for audio very nice ang bilis lang na deliver at ang ganda ng sounds niya | D100: 0.9153 | E100: Good | F100: Good | G100: =IF(E100=F100,"Match","Mismatch") -> Match
...

Sheet Summary
A1: VADER vs. manual grading
A3: Total reviews | B3: =COUNTA(Comparison!$A$2:$A$114) -> 113
A4: Matches | B4: =COUNTIF(Comparison!$G$2:$G$114,"Match") -> 95
A5: Mismatches | B5: =COUNTIF(Comparison!$G$2:$G$114,"Mismatch") -> 18
A6: Agreement rate | B6: =B4/B3 -> 0.84070796
A8: Confusion matrix (rows = my grade, columns = VADER label)
A9: My grade \ VADER | B9: Good | C9: Neutral | D9: Bad | E9: Total
A10: Good | B10: =COUNTIFS(Comparison!$F$2:$F$114,$A10,Comparison!$E$2:$E$114,B$9) -> 44 | C10: =COUNTIFS(Comparison!$F$2:$F$114,$A10,Comparison!$E$2:$E$114,C$9) -> 0 | D10: =COUNTIFS(Comparison!$F$2:$F$114,$A10,Comparison!$E$2:$E$114,D$9) -> 1 | E10: =SUM(B10:D10) -> 45
A11: Neutral | B11: =COUNTIFS(Comparison!$F$2:$F$114,$A11,Comparison!$E$2:$E$114,B$9) -> 4 | C11: =COUNTIFS(Comparison!$F$2:$F$114,$A11,Comparison!$E$2:$E$114,C$9) -> 0 | D11: =COUNTIFS(Comparison!$F$2:$F$114,$A11,Comparison!$E$2:$E$114,D$9) -> 0 | E11: =SUM(B11:D11) -> 4
A12: Bad | B12: =COUNTIFS(Comparison!$F$2:$F$114,$A12,Comparison!$E$2:$E$114,B$9) -> 4 | C12: =COUNTIFS(Comparison!$F$2:$F$114,$A12,Comparison!$E$2:$E$114,C$9) -> 9 | D12: =COUNTIFS(Comparison!$F$2:$F$114,$A12,Comparison!$E$2:$E$114,D$9) -> 51 | E12: =SUM(B12:D12) -> 64
A13: Total | B13: =SUM(B10:B12) -> 52 | C13: =SUM(C10:C12) -> 9 | D13: =SUM(D10:D12) -> 52 | E13: =SUM(E10:E12) -> 113
A15: VADER Neutral that I graded Bad | B15: =COUNTIFS(Comparison!$E$2:$E$114,"Neutral",Comparison!$F$2:$F$114,"Bad") -> 9
A16: VADER Good that I graded Bad | B16: =COUNTIFS(Comparison!$E$2:$E$114,"Good",Comparison!$F$2:$F$114,"Bad") -> 4
A17: VADER Good that I graded Neutral | B17: =COUNTIFS(Comparison!$E$2:$E$114,"Good",Comparison!$F$2:$F$114,"Neutral") -> 4
A18: VADER Bad that I graded Good | B18: =COUNTIFS(Comparison!$E$2:$E$114,"Bad",Comparison!$F$2:$F$114,"Good") -> 1
A20: Notes: 'My grade' is my own reading of each review, not ground truth. Review text is shortened for readability; scores and labels are from your VADER output. Rows 1, 2, 3, 4 had no score in the data.
